Kate,7110eda4d09e062aa5e4a390b0a572ac0d2c0220
Kate,98cd3704dd19c3089ee3013ed0e63a6468550540
Kate,bb90fc9b1e112924e45c9f874dee3075d0da55e5
hey,fd1286353570c5703799ba76999323b7c7447b06
hey,fd1286353570c5703799ba76999323b7c7447b06
mike,7a85f4764bbd6daf1c3545efbbf0f279a6dc0beb
kate,516b9783fca517eecbd1d064da2d165310b19759
kate,516b9783fca517eecbd1d064da2d165310b19759
write,ef8201e13a29bcc30d4df6b11b34d56cdade2bbd
Ie,46680a665d08484a28860b87789df9db712f8f84
heyy,9a76a857ad399b492ba01879d0fa2d717e4430b2
